Province,Citycode,LUL
hainan,460000,231.306077
qinghai,630000,140.8938518
xinjiang,650000,66.5784632
xizang,540000,168.1069355
