Province,Citycode,LUL
hainan,460000,233.9688789
qinghai,630000,140.1137287
xinjiang,650000,64.69585963
xizang,540000,168.4255697
