Province,Citycode,LUL
hainan,460000,233.8771211
qinghai,630000,140.1847781
xinjiang,650000,66.79352876
xizang,540000,170.4352572
