Province,Citycode,LUL
hainan,460000,227.8541953
qinghai,630000,141.5085231
xinjiang,650000,65.63568868
xizang,540000,168.6423362
