Province,Citycode,LUL
hainan,460000,235.4350635
qinghai,630000,139.0462469
xinjiang,650000,66.33112754
xizang,540000,171.3447595
